compuage_infocom,10.850000000000023,92.5,-58.0,-171.5,-54.5,59.25,108.75,-55.75,-42.75,91.5,-11.25,138.0,-32.75,-64.25,-119.75,174.25,72.5,-169.0,50.5,15.0,12.25,-20.0,5.25,28.5,93.0,44.75,-20.0,127.0,49.75,125.25,-40.75,-24.0,-53.0,-21.75,-15.25,17.25,0.0,0.0,0.0,0.0,0.0,0.0,0.0,0.0,0.0,19.5,19.75,-29.0,11.75,51.75,44.0,-15.75,29.25,3.5,28.75,9.5,-17.0,-4.75,-46.0,30.0,20.75,-54.75,-14.0,5.75,-103.75,9.0,-28.75,5.0,-29.0,72.0,-38.75,-135.5,-178.5,-75.5,-233.75,-99.25,81.0,-108.25,-319.0,-396.0,-118.5,-255.75,-5.0,-183.0,-26.25,36.25,-77.25,68.5,170.75,319.0
cyient_ns,-12.749999999999886,-21.34999999999991,-58.94999999999993,-53.150000000000034,-2.300000000000068,-4.949999999999989,-92.65000000000009,35.74999999999994,1.7000000000000455,-83.75000000000006,-3.4499999999999886,3.3000000000000114,-3.6000000000000227,25.949999999999932,-5.199999999999932,-4.300000000000011,-56.099999999999966,32.55000000000001,-6.250000000000057,-12.199999999999875,-78.15000000000015,-49.5499999999999,-55.94999999999993,-26.950000000000045,-39.999999999999886,-75.70000000000005,-22.200000000000045,-46.54999999999973,83.35000000000014,-31.30000000000024,-47.499999999999886,-8.799999999999955,21.750000000000227,39.55000000000018,-28.250000000000114,-59.84999999999991,-76.29999999999995,-22.599999999999795,-14.79999999999984,-60.19999999999993,3.549999999999841,-73.19999999999993,-29.25,36.74999999999994,-92.80000000000001,-4.10000000000008,13.600000000000136,21.450000000000045,55.30000000000001,-5.85000000000008,22.799999999999898,11.100000000000023,-40.55000000000007,-42.19999999999999,-23.400000000000034
eclerx_ns,-78.29999999999973,-162.1500000000001,59.299999999999955,-73.85000000000014,-113.89999999999986,1.75,-66.54999999999973,3.2499999999997726,-75.19999999999959,-208.79999999999995,-18.999999999999773,-18.09999999999968,-6.599999999999682,12.949999999999818,0.4499999999998181,57.80000000000064,-22.649999999999636,48.399999999999636,-82.25000000000023,43.30000000000041,73.50000000000023,-211.85000000000036,-209.87999999999965,-157.95199999999932,-48.677999999999656,13.188000000000102,27.70599999999922,-205.16200000000094,77.4539999999995,92.84099999999944,-174.13100000000077,-177.2530000000006,-29.60000000000082,-92.07800000000066,45.492999999999256,-103.86600000000044,-21.892000000000507,205.00399999999968,-50.10700000000065,20.299000000000206,66.79799999999909,31.14899999999966,-112.2480000000005,-128.65200000000073,-49.45400000000018,97.62399999999957,23.971999999999525,92.50399999999968,18.846000000000004,-36.15100000000007,-60.4020000000005,-96.75000000000114,-82.44700000000012,-59.54900000000043,77.0539999999994,-362.645,28.94199999999887,101.79699999999934,-24.699000000000524,-110.00100000000043,-120.34800000000087,-6.900000000000546,105.4489999999995,121.34499999999969,53.95299999999975,84.19799999999975,62.09699999999975,-6.998000000000275,59.70099999999968,5.899999999999977,98.10299999999972,-105.59500000000048,-42.3960000000003,-40.899000000000456,-12.998000000000388,-0.9499999999998181,-109.34700000000021,-1.9510000000002492,-57.54800000000023,57.79999999999984,-40.80000000000007,-103.1030000000004,-113.54900000000032,35.9489999999995,-3.852999999999838,9.746999999999957,55.30399999999952,-61.69800000000066,-53.197000000000116,-83.09700000000032,-20.201000000000022,-17.045000000000186,-55.29700000000025,-46.251000000000204,17.652999999999793,-22.79800000000023,-15.794000000000324,-98.3000000000003,-1.3440000000006194,-68.80000000000052,-15.300999999999817,101.19899999999996,-96.19800000000032,11.794999999999732,-86.00200000000018,-13.10400000000027,-24.19800000000066,116.54899999999952,-55.14500000000021,64.0519999999998,-53.44700000000023,24.498999999999796,12.201999999999884,-123.29800000000034,-53.100000000000364,40.50099999999952,7.552999999999656,21.09999999999991,29.049999999999784,-72.55000000000007,10.49899999999991,135.29899999999998,-38.95300000000003,58.100000000000136,18.75,32.4500000000001,3.349999999999909,41.94999999999993,5.850000000000136
hcl_ns,9.0,-2.4500000000000455,34.99999999999977,17.000000000000114,-4.900000000000091,26.450000000000045,-15.850000000000023,22.599999999999795,-18.800000000000068,-14.600000000000136,-102.14999999999998,70.25,-20.0,52.799999999999955,-14.300000000000182,-98.60000000000002,-14.500000000000114,17.699999999999932,-25.450000000000273,-49.60000000000002,6.0,-1.300000000000182,-20.550000000000068,-11.350000000000136,36.299999999999955,39.49999999999977,-13.099999999999909,-50.80000000000007,-28.300000000000182,31.34999999999991,-45.80000000000018,75.79999999999995,-42.600000000000136,44.64999999999975,89.95000000000016,-44.05000000000007,-57.820000000000505,-44.73990000000026,243.49990000000025,15.400000000000091,-8.550000000000182,-79.34999999999991,0.4000000000003183,94.55000000000018,-162.15000000000032,110.80000000000041,-107.44999999999982,60.04999999999973,30.09999999999991,-60.999999999999545,98.74999999999977,42.05000000000018,-84.69999999999982,-68.99999999999955,-71.24999999999932,-40.80000000000041,-11.499999999999545,72.90000000000009,80.90000000000009,23.300000000000182,128.60000000000036,-17.649999999999864,-9.600000000000136,-45.15000000000009,11.250000000000114,157.39999999999998,-79.5999999999998,64.14999999999998,57.649999999999864,9.399999999999977,-35.85000000000002,-11.900000000000091,-39.749999999999886,-59.84999999999991,63.95000000000016,59.65000000000009,-28.850000000000023,0.0,1.5000000000001137,-13.5,12.85000000000025,25.949999999999932,-20.749999999999886,32.5,26.649999999999864,46.09999999999991,4.85000000000008,-2.400000000000148,-9.949999999999818,-3.8500000000000796,16.599999999999966,32.60000000000002,-37.299999999999955,7.899999999999977,45.49999999999994,-19.750000000000057,11.900000000000034,-19.999999999999943,-15.799999999999955,-4.500000000000057,-7.949999999999932,-18.449999999999932,-9.549999999999955,-12.800000000000068,-4.899999999999977,11.400000000000091,5.200000000000102,25.850000000000136,18.949999999999932,21.150000000000034,35.94999999999999,16.29999999999984,-11.950000000000045,7.050000000000011,16.249999999999943,63.499999999999886,0.5500000000000114,-0.14999999999997726,-16.349999999999966,6.100000000000023,-5.349999999999795,-12.799999999999898,23.650000000000034,-2.6999999999999886,-3.2999999999999545,-29.19999999999999,-43.49999999999994,44.199999999999875,-24.44999999999999
hexaware_ns,13.05000000000004,0.4499999999999602,-10.149999999999977,-3.3500000000000227,-8.25,2.4500000000000455,11.549999999999926,4.89999999999992,-17.200000000000017,-15.649999999999949,-8.150000000000034,-9.949999999999903,-5.10000000000008,14.799999999999983,-8.450000000000045,-7.850000000000023,-4.950000000000017,-15.75,18.94999999999999,-15.849999999999937,25.24999999999997,-28.25,-2.950000000000074,-0.5999999999999375,16.799999999999983,-19.400000000000063,-14.44999999999996,1.049999999999926,-50.80000000000001,-13.599999999999966,-3.3000000000000114,-3.5500000000001535,-16.400000000000034,32.44999999999996,-50.45000000000002,14.750000000000057,22.149999999999864,13.850000000000023,28.849999999999994,6.050000000000011,5.199999999999989,-30.549999999999983,-6.599999999999966,19.5,-22.25000000000003,31.150000000000006,0.7000000000000455,16.75000000000003,-15.949999999999989,-10.650000000000034,-2.400000000000034,3.8500000000000227,-11.499999999999972,-21.50000000000003,17.5,-10.10000000000008,21.599999999999966,2.6499999999999773,-4.149999999999977,8.700000000000031,-8.25,-18.950000000000003,4.799999999999983,2.0,5.500000000000028,-1.299999999999983,-12.300000000000026,14.799999999999997,10.149999999999949,-1.0999999999999943,-0.9000000000000057,-5.700000000000017,-1.40000000000002,4.949999999999974,-0.6500000000000057,10.500000000000014,-21.799999999999997,3.0499999999999403,-16.799999999999997,-14.150000000000006,-8.699999999999989,-10.599999999999994,-20.450000000000017,-0.050000000000054,1.5499999999999687,-4.450000000000017,-7.049999999999983,-2.049999999999983,-3.6000000000000085,7.750000000000014,-4.699999999999974,18.750000000000014,-10.800000000000011,-4.750000000000014,22.80000000000004,-7.449999999999974,2.700000000000017,-2.1499999999999915,-5.25,-5.399999999999977,-3.3499999999999943,-1.3499999999999943,1.450000000000017,5.949999999999989,3.6499999999999915,-1.2500000000000284,4.700000000000003,-5.449999999999996,-8.650000000000006,6.450000000000003,11.700000000000003,-1.6500000000000057,2.0,-13.450000000000017,7.549999999999997,17.549999999999983,-4.299999999999983,-3.5500000000000114,-2.700000000000003,-2.0999999999999943,-0.7999999999999972,-7.3999999999999915,-4.200000000000003,2.8999999999999915,-2.4499999999999744,-11.0,-4.650000000000006,5.099999999999994,-9.000000000000014
infinite_solutions_ns,-15.400000000000006,16.950000000000045,-27.650000000000006,-8.900000000000034,10.250000000000028,3.8499999999999943,3.349999999999966,-0.45000000000001705,-2.80000000000004,-15.249999999999972,5.600000000000023,-6.250000000000028,-7.60000000000008,-3.7500000000000284,-27.200000000000017,16.400000000000063,14.750000000000028,-16.349999999999994,-1.0000000000000568,-35.849999999999994,-10.700000000000017,-10.399999999999977,2.5499999999999545,-12.749999999999943,32.00000000000003,1.5,3.5999999999999943,1.8000000000000114,-34.19999999999999,-10.200000000000017,27.49999999999997,-24.049999999999955,-48.65000000000005,18.700000000000045,-61.79999999999998,5.700000000000017,9.049999999999955,23.049999999999983,-1.6000000000000227,-14.950000000000074,-9.69999999999996,-27.700000000000074,-23.40000000000009,-3.8500000000000227,-6.400000000000006,6.900000000000006,-15.449999999999989,-8.399999999999977,-12.449999999999989,10.150000000000034,0.5000000000000284,-0.6500000000000057,-8.949999999999989,-16.900000000000006,-3.30000000000004,0.4000000000000199,0.25000000000004263,-44.55000000000004,23.39999999999999,-2.6999999999999886,-13.20000000000006,4.3999999999999915,-0.899999999999963,-4.999999999999986,0.14999999999999147,9.249999999999972,29.65000000000002,5.699999999999974,-1.2000000000000028,-13.149999999999991,-26.100000000000023,9.100000000000023,3.049999999999997,-13.5,-12.80000000000004,-8.750000000000028,-23.549999999999983,-9.350000000000023,-29.650000000000006,-27.650000000000034,-0.6999999999999602,2.599999999999966,7.749999999999986,1.25,-5.650000000000006,-17.75,-33.10000000000001,11.650000000000034,-2.0999999999999943,27.900000000000006,-6.199999999999989,10.000000000000014,-4.1000000000000085,-7.799999999999997,10.500000000000014,-11.800000000000011,10.15000000000002,-0.25,-17.500000000000043,-19.60000000000001,7.300000000000011,-1.0500000000000114,-18.900000000000013,-20.10000000000001,-17.24999999999993,-18.050000000000054,-33.450000000000045,-23.949999999999932,-4.349999999999994,-45.05000000000004,7.450000000000074,-0.04999999999998295,-56.54999999999998,0.9000000000000341,12.799999999999983,22.55000000000001,-29.60000000000005,-1.1500000000000625,-14.550000000000011,-9.400000000000034,-14.400000000000006,-8.749999999999972,-18.599999999999994,8.150000000000034,-19.649999999999977,11.5,-23.999999999999943,-22.69999999999999,-28.649999999999977
kpit_technologies_ns,-8.449999999999989,-5.099999999999994,-0.799999999999983,-4.399999999999949,3.1999999999999886,-1.8500000000000512,-9.25,10.200000000000017,-8.600000000000009,-7.999999999999957,3.1499999999999773,-23.0,-20.549999999999926,31.800000000000068,9.599999999999937,1.6999999999999886,-3.1500000000000057,-1.8000000000000682,0.25,-10.049999999999997,-10.150000000000006,-28.950000000000045,-7.75,-11.050000000000011,32.150000000000006,3.8499999999999943,2.700000000000003,0.3999999999999915,-22.60000000000001,1.299999999999983,4.500000000000014,-5.049999999999983,-8.400000000000006,-8.150000000000006,-28.15000000000002,-24.099999999999994,-25.55000000000001,1.799999999999983,-7.599999999999994,-1.1500000000000625,9.550000000000011,20.350000000000023,4.549999999999983,-11.200000000000045,-17.49999999999997,-5.599999999999994,10.750000000000028,-17.0,-20.55000000000001,-0.04999999999998295,0.2999999999998977,5.350000000000023,-20.650000000000006,-1.2500000000000284,-5.699999999999989,0.5,-3.0999999999999943,0.5500000000000114,-7.800000000000011,5.55000000000004,12.799999999999983,-2.19999999999996,16.500000000000057,4.599999999999994,-10.349999999999966,13.500000000000014,-5.300000000000026,-3.049999999999983,-0.04999999999999716,15.55000000000004,14.900000000000006,-0.1500000000000341,1.75,-8.549999999999997,-7.15000000000002,5.950000000000003,-12.049999999999983,2.200000000000017,-20.500000000000014,-7.700000000000017,-4.900000000000006,-2.2499999999999574,13.099999999999952,-7.300000000000011,-9.799999999999997,-2.1000000000000227,5.949999999999989,-1.3499999999999943,-11.699999999999974,-5.000000000000043,56.849999999999994,0.6500000000000057,-4.950000000000017,-11.099999999999966,19.349999999999966,-19.999999999999943,-12.400000000000063,-38.200000000000045,-4.75,-4.849999999999994,7.200000000000017,-7.000000000000028,-22.300000000000068,-8.450000000000017,10.700000000000045,-3.2499999999999147,-2.5000000000000284,-1.6000000000000227,-6.25,-6.2999999999999545,22.64999999999995,-0.2999999999999545,2.1499999999999773,-1.6000000000000512,5.94999999999996,-9.449999999999903,-31.849999999999994,-23.449999999999932,-11.599999999999937,-8.349999999999994,-22.05000000000001,53.85000000000002,-14.349999999999937,13.899999999999977,27.25,-3.6000000000000085,-6.850000000000023,-1.3999999999999915,-8.399999999999991
lycos_internet_ns,-1.2999999999999998,-0.04999999999999982,-0.75,-0.5999999999999996,0.049999999999998934,-0.8499999999999996,-0.9499999999999993,-0.6999999999999993,-4.599999999999999,-1.4499999999999975,-0.34999999999999964,-8.049999999999997,-1.9500000000000028,-3.8500000000000085,-2.5000000000000018,-4.9999999999999964,-2.2499999999999964,-3.5000000000000036,-2.8999999999999915,-10.699999999999992,-1.1999999999999993,-3.0499999999999936,-1.2500000000000036,-6.4999999999999964,1.2000000000000064,-3.649999999999995,-2.799999999999997,-5.050000000000001,-4.9999999999999964,-8.00000000000001,-1.70000000000001,-0.6500000000000021,4.749999999999993,-1.2500000000000036
l_and_t_ns,0.5699880000000022,-0.25999100000001363,-0.4699899999999957,-1.399991,2.250010000000003,0.689994999999989,-1.620010999999998,-0.47000499999999334,0.010004000000009228,0.30001000000000744,-0.3400029999999816,-0.35999600000000953,1.4699939999999927,-0.06000399999999928,0.5699970000000008,1.0300020000000032,1.0499900000000224,1.5799960000000084,0.6199900000000085,4.650001999999986,-2.5000009999999904,0.4000000000000199,0.06000900000001508,0.5600029999999947,1.7099970000000084,0.6800080000000079,0.08000599999999025,-1.2199899999999957,2.059995999999998,-1.8699949999999959,-1.8200019999999881,-0.08000699999999483,-1.450004999999969,-0.5399959999999879,2.8399960000000135,-0.1500130000000084,-0.25000699999998943,2.459998999999989,-2.4899989999999903,0.36999500000000296,-1.8399989999999988,-0.020002999999995552,2.849989999999991,-1.0999900000000054,-0.889998999999996,0.6399990000000102,-1.150006999999988,-0.42000699999999114,0.35999399999999326,0.540005999999984,-1.060005000000018,-0.530003999999991,-1.3100019999999972,-1.1299939999999893,0.38999599999999646,0.07999800000000334,-1.9800090000000239,0.2499959999999959,-1.2500110000000006,-0.9899950000000075,0.03999500000001888,2.090004999999998,0.9399979999999886,-1.8000030000000038,0.440000999999981,0.12000299999999697,-1.7199979999999897,-0.9799940000000049,1.519988000000005,1.8499910000000028,-0.5399930000000026,0.20999499999999927,-0.8799970000000101,-0.1100009999999898,1.700002000000005,-0.5500010000000302,0.10000600000000048,-1.6399920000000137,-0.7100020000000029,-0.6100030000000061,0.5700039999999973,-0.030001999999988982,-0.6499979999999894,0.3299970000000201,0.10998700000001804,0.4900030000000086,-1.2999959999999717,2.3599979999999903,-0.0899999999999963,0.059992999999991525,0.929990000000025,0.23000099999999435,-0.6600009999999941,-0.8900079999999875,-1.4399980000000028,-1.4300020000000089,3.4499939999999967,-1.3500080000000096,1.5599980000000286,2.879993000000013,-3.3900010000000123,-0.7600009999999955,0.8099980000000002,0.010003000000004647,-1.599993000000012,0.6399999999999935,0.01999300000000659
mastek_ns,-4.050000000000011,-26.80000000000001,25.900000000000006,2.0999999999999943,37.05000000000004,-16.900000000000006,-8.000000000000028,26.550000000000054,-20.450000000000017,-6.15000000000002,-6.350000000000051,-8.899999999999949,-12.550000000000011,-6.099999999999966,-4.799999999999926,9.750000000000057,-7.749999999999972,2.3000000000000114,25.599999999999966,-28.44999999999999,-15.099999999999966,-42.5,9.700000000000045,4.850000000000023,6.149999999999977,-33.05000000000007,-1.549999999999983,-16.55000000000001,-15.75,-23.999999999999915,-5.400000000000006,29.099999999999994,8.249999999999943,-22.999999999999886,-44.949999999999875,-11.849999999999909,-84.99999999999994,63.700000000000045,-5.599999999999909,-54.0,-3.6499999999999773,60.60000000000002,-5.949999999999989,-4.2999999999999545,-14.500000000000057,-26.0,102.19999999999999,7.699999999999989,-29.24999999999997,20.35000000000005,-15.049999999999955,22.74999999999997,3.2500000000000284,-33.30000000000001,0.2000000000000739,-11.200000000000017,13.149999999999949,4.899999999999977,4.650000000000034,20.69999999999996,15.250000000000028,-5.30000000000004,-7.700000000000017,41.450000000000074,-3.799999999999983,7.649999999999977,-3.1999999999999744,-29.450000000000017,-0.2499999999999858,-4.15000000000002,-8.649999999999977,-6.3500000000000085,21.149999999999977,-4.650000000000006,-2.2499999999999716,-23.150000000000006,7.0499999999999545,15.149999999999892,5.399999999999949,43.0,-17.70000000000003,17.350000000000023,49.30000000000004,22.14999999999999,1.2000000000000313,-5.3500000000000085,12.050000000000011,6.999999999999986,-3.700000000000003,-4.250000000000028,-6.549999999999997,4.699999999999989,-1.6999999999999886,-8.249999999999972,13.550000000000011,1.6500000000000057,6.049999999999983,5.449999999999989,-8.15000000000002,-8.999999999999986,5.750000000000014,-9.399999999999963,10.149999999999991,-19.900000000000063,-10.500000000000014,-3.3999999999999915,4.8999999999999915,-4.049999999999969,-32.10000000000001,-11.34999999999998,-30.75000000000003,-36.25,-21.80000000000004,-20.200000000000017,-25.25000000000003,-25.69999999999996,-29.0,-12.900000000000006,-46.05000000000004,-29.39999999999995,-13.299999999999955,-14.5,-25.34999999999991,45.85000000000008,-14.150000000000034,10.949999999999932,-44.20000000000002,-35.399999999999864,-28.600000000000023
mindtree_ns,-7.300000000000125,-17.84999999999991,-53.799999999999955,-19.44999999999999,11.050000000000068,28.25,-23.500000000000057,-19.050000000000068,-42.799999999999955,-5.450000000000159,-73.04999999999984,-19.950000000000045,-9.45000000000016,0.40000000000009095,-32.299999999999955,-69.79999999999973,21.700000000000045,16.39999999999975,-19.274999999999977,-159.24999999999977,11.549999999999955,-63.40000000000032,-56.45000000000027,5.599999999999682,-99.74999999999977,-30.550000000000182,-155.99999999999955,48.200000000000045,-53.700000000000045,67.25000000000023,-124.10000000000014,-60.350000000000136,-122.95000000000005,147.45000000000005,-22.550000000000182,-91.99999999999977,-153.04999999999995,-128.15000000000032,167.14999999999986,-83.25000000000045,5.4500000000000455,44.35000000000059,54.90000000000009,62.94999999999982,-146.09999999999968,-49.45000000000027,-34.34999999999991,71.94999999999993,97.55000000000007,-60.650000000000205,12.299999999999955,113.73199999999974,-76.61599999999908,-76.45599999999945,-45.49999999999977,-192.54800000000023,-71.34400000000028,194.7559999999994,-225.45599999999968,139.19600000000014,-24.40399999999954,6.447999999999865,13.740000000000236,84.71600000000012,168.14400000000023,12.552000000000021,43.70000000000016,42.59600000000023,99.86000000000001,44.659999999999854,-81.45200000000023,40.003999999999905,-59.20000000000016,-13.356000000000222,-15.203999999999837,42.56000000000029,-35.05200000000002,-7.704000000000178,-10.14799999999991,-38.24799999999982,29.70799999999997,-41.38800000000015,-103.66399999999999,-34.40000000000009,10.812000000000126,-61.25199999999995,-91.548,30.456000000000017,30.40400000000011,26.956000000000017,96.65600000000018,36.240000000000066,73.65599999999995,-5.196000000000026,58.09599999999995,-20.54400000000004,45.39999999999992,3.3419999999999845,53.70399999999984,-7.349999999999966,-8.749999999999943,-8.550000000000125,-31.700000000000045,-72.40799999999996,44.702,-7.650000000000091,-7.750000000000057,-17.750000000000114,-42.25,-12.948000000000093,21.84800000000007,-57.902000000000044,-71.70799999999991,-34.052000000000135,8.244000000000028,34.444000000000074,-7.900000000000034,10.756000000000085,-34.59199999999987,-15.151999999999873,-15.548000000000172,-36.40000000000009,-35.763999999999896,-20.43999999999994,-7.999999999999773,-21.048000000000116,-13.551999999999907,-24.20399999999995,1.4999999999997726
mphasis_ns,-0.9999999999998863,-13.349999999999909,-6.64999999999975,-21.59999999999991,46.04999999999984,30.549999999999955,-15.350000000000023,8.499999999999773,-37.799999999999955,-21.149999999999977,-16.100000000000023,-46.65000000000009,26.249999999999886,-38.150000000000205,83.80000000000024,-39.25,9.75,-36.89999999999998,42.60000000000002,-32.799999999999955,-58.05000000000001,-37.10000000000002,22.550000000000068,-15.700000000000045,-0.24999999999994316,69.09999999999985,10.350000000000023,-33.849999999999966,4.599999999999966,-14.39999999999992,-11.900000000000034,3.0,-12.249999999999943,-37.0499999999999,1.9499999999999886,-6.200000000000102,-11.299999999999955,3.849999999999966,-0.2999999999998977,-22.600000000000023,11.449999999999875,-51.64999999999998,22.79999999999984,10.199999999999989,-17.44999999999999,-18.449999999999932,-14.099999999999795,33.94999999999993,-23.100000000000023,25.200000000000045,-18.050000000000182,32.89999999999998,-57.30000000000001,-10.000000000000057,15.199999999999932,0.9999999999998863,-15.60000000000008,-30.400000000000034,-21.400000000000034,34.15000000000009,-11.800000000000125,-15.250000000000114,-58.25000000000006,23.150000000000034,22.099999999999966,0.6000000000001364,-6.250000000000057,-8.249999999999886,-6.249999999999943,-83.2000000000001,53.14999999999998,72.10000000000002,-9.25,4.0,34.650000000000034,14.599999999999966,-40.74999999999994,-30.400000000000148,-16.550000000000068,0.24999999999994316,20.900000000000148,-25.44999999999999,10.799999999999955,-19.69999999999999,0.35000000000002274,-20.150000000000034,16.750000000000057,20.350000000000023,-25.80000000000001,-22.000000000000057,-0.5500000000000114,-21.450000000000045,1.0999999999998522,0.35000000000002274,-2.550000000000068,13.599999999999966,-9.699999999999989,9.499999999999886,-23.800000000000068,-14.749999999999943,-14.349999999999909,39.89999999999998,-12.200000000000045,-56.7999999999999,-35.19999999999982,-5.700000000000102,-22.35000000000025,52.950000000000045,-16.999999999999943,30.300000000000068,-57.550000000000125,-182.64999999999998,-42.899999999999864,-52.450000000000045,40.89999999999998,-49.69999999999993,-55.09999999999991,-40.849999999999795,-48.749999999999886,-48.10000000000002,17.200000000000045,-28.250000000000114,-1.3500000000000227,31.90000000000009,-10.499999999999886,-102.25,13.550000000000068,18.750000000000227,-59.549999999999955
niit_ns,-16.700000000000102,-22.899999999999977,-12.900000000000091,1.8999999999999204,12.199999999999932,26.550000000000068,-18.449999999999932,-22.299999999999898,-4.349999999999966,-30.09999999999991,-31.999999999999943,-57.99999999999994,-25.849999999999852,19.95000000000016,21.700000000000045,-33.549999999999955,-28.60000000000008,-3.849999999999966,24.5,-138.05000000000013,33.100000000000136,-124.40000000000009,-29.000000000000114,-16.90000000000009,0.6000000000001364,135.7000000000001,-20.79999999999984,-23.300000000000068,-43.55000000000001,13.249999999999886,88.15000000000009,21.5,16.850000000000023,10.39999999999992,30.750000000000057,0.7000000000000455,-73.00000000000006,43.85000000000008,53.35000000000002,-14.949999999999989,29.749999999999943,-31.0,-28.100000000000023,31.44999999999999,-60.00000000000006,21.599999999999966,5.400000000000034,-29.10000000000008,2.25,-83.2000000000001,11.499999999999886,44.74999999999994,-63.49999999999994,-6.649999999999977,1.5499999999998977,-38.09999999999991,2.900000000000148,8.700000000000045,10.449999999999932,25.700000000000045,45.64999999999992,49.75,10.699999999999875,-7.050000000000011,18.900000000000034,41.49999999999997,28.400000000000006,-38.25000000000006,-17.44999999999999,15.00000000000017,-8.699999999999989,-10.949999999999932,4.999999999999943,30.44999999999999,21.65000000000009,12.250000000000028,-12.150000000000006,1.1500000000000057,-42.10000000000002,7.599999999999909,8.800000000000011,3.4999999999998863,-23.64999999999992,22.15000000000009,24.549999999999983,-26.450000000000045,-10.5,-10.599999999999909,-0.6499999999999204,59.05000000000004,-11.84999999999988,24.550000000000125,7.549999999999983,-30.900000000000034,30.849999999999937,-18.900000000000006,22.19999999999996,-44.70000000000002,-8.600000000000023,9.350000000000023,13.999999999999943,1.1000000000000227,4.550000000000011,-25.799999999999983,47.700000000000045,0.2999999999999545,3.6000000000000227,-9.200000000000045,4.099999999999994,-3.5500000000000114,-6.999999999999943,-28.400000000000006,-41.64999999999998,-10.950000000000045,11.900000000000006,-25.150000000000034,-40.700000000000045,-47.75000000000003,2.75,-14.75,-14.900000000000063,-5.599999999999966,-5.75,-11.249999999999943,-15.05000000000004,-9.399999999999949,21.49999999999997,-10.94999999999996,-7.749999999999972
nucleus_software_ns,0.900000000000091,-27.79999999999984,-28.09999999999991,1.6999999999999886,32.700000000000074,-7.149999999999949,-0.5999999999999375,10.0,-10.299999999999955,-14.25,2.5000000000000284,-24.09999999999991,-1.7500000000000284,6.100000000000023,-2.450000000000017,-13.650000000000006,14.049999999999983,-0.9999999999999432,20.799999999999955,-57.75000000000006,-52.00000000000003,-26.30000000000004,-7.550000000000068,-3.5999999999999943,12.850000000000023,-2.2500000000000284,4.100000000000023,-18.450000000000017,-53.94999999999999,-3.299999999999983,51.35000000000002,16.64999999999992,-6.249999999999972,21.19999999999999,-14.049999999999983,15.5,-26.349999999999994,-10.150000000000034,1.5499999999999545,-30.849999999999937,2.44999999999996,-21.44999999999996,8.649999999999949,-19.299999999999983,-12.599999999999994,-7.75,8.299999999999955,31.400000000000006,-29.699999999999932,-2.950000000000017,3.05000000000004,4.100000000000023,-39.44999999999999,-14.949999999999989,1.5999999999999943,-22.199999999999932,41.80000000000007,-8.150000000000006,31.05000000000001,22.29999999999994,-0.6999999999999886,-4.049999999999969,5.34999999999998,7.049999999999997,-4.6000000000000085,9.049999999999969,-0.5999999999999659,-8.599999999999994,-3.65000000000002,-3.8999999999999773,-1.6000000000000227,-4.550000000000026,-6.599999999999994,-10.949999999999989,-1.15000000000002,0.04999999999998295,-2.59999999999998,-0.9000000000000057,-11.350000000000009,1.09999999999998,-2.450000000000003,-16.200000000000003,-6.750000000000014,8.900000000000006,0.5,-4.3999999999999915,-2.700000000000017,6.549999999999997,-7.249999999999986,-0.6499999999999915,3.5500000000000256,2.20000000000001,-13.250000000000036,-10.950000000000017,-7.09999999999998,-0.44999999999998863,4.150000000000006,2.25,-10.29999999999999,-3.9000000000000057,5.050000000000004,-1.8999999999999702,-4.35000000000003,-12.250000000000014,-14.050000000000011,-1.950000000000017,0.9500000000000028,-4.700000000000003,-24.14999999999999,6.550000000000026,1.0500000000000114,-21.249999999999986,-28.400000000000006,-26.45000000000003,10.59999999999998,-21.149999999999963,-21.05000000000001,-26.64999999999995,-8.750000000000057,-2.099999999999966,-32.70000000000002,-9.550000000000011,-18.25,6.649999999999977,-12.950000000000045,-20.049999999999983,-9.350000000000023,24.099999999999994,-4.200000000000017
ofss_ns,152.599999999999,269.0999999999999,145.20000000000027,57.55000000000018,168.00000000000136,-292.8000000000002,-119.95000000000027,109.64999999999964,-210.5,-525.2999999999993,-200.10000000000036,145.6500000000001,111.24999999999955,43.54999999999882,-212.99999999999955,-146.54999999999882,11.400000000000546,210.30000000000018,428.8000000000002,-432.6000000000008,137.95000000000027,-249.64999999999964,64.00000000000045,-111.14999999999964,-105.60000000000082,-237.04999999999927,-147.34999999999945,-378.7499999999991,-442.2500000000009,110.35000000000218,-66.75,243.39999999999964,230.599999999999,256.14999999999964,34.95000000000027,-81.59999999999945,15.600000000000364,-140.75000000000045,-225.94999999999982,89.0,26.949999999999818,-63.399999999999636,147.05000000000064,9.099999999999,-295.9499999999998,22.699999999999818,242.80000000000064,209.6500000000001,432.5499999999993,-18.549999999999272,90.35000000000036,113.74999999999955,-318.80000000000064,-303.6500000000001,385.9499999999998,-362.0499999999997,-105.59999999999945,-10.949999999999818,-90.39999999999918,192.89999999999918,35.20000000000027,-71.75,85.64999999999918,327.50000000000045,195.5999999999999,74.64999999999964,-155.04999999999973,207.80000000000018,-65.65000000000055,80.40000000000009,20.649999999999636,2.5500000000006366,-182.70000000000027,-56.04999999999882,-406.0500000000011,-132.30000000000018,-182.5,-100.59999999999945,271.3000000000011,-134.7499999999991,-11.450000000000728,-67.70000000000073,19.200000000000273,-99.34999999999991,43.30000000000064,245.65000000000055,88.099999999999,-62.19999999999982,-77.29999999999927,-176.84999999999854,-120.89999999999918,157.45000000000027,-65.40000000000009,128.04999999999927,199.70000000000073,-243.5,204.79999999999995,-75.49999999999977,-50.15000000000009,-81.99999999999909,182.04999999999973,-149.7000000000005,48.84999999999991,-272.1499999999992,-186.44999999999936,-2.0500000000010914,-57.35000000000082,271.9999999999991,-143.19999999999936,-45.00000000000023,-234.99999999999977,-200.5,-92.99999999999955,106.74999999999955,-42.90000000000009,201.4499999999989,-232.20000000000118,-150.89999999999964,-140.60000000000127,121.80000000000018,3.149999999999636,-125.75000000000091,-104.25000000000045,-74.35000000000082,67.19999999999982,83.85000000000082,-55.40000000000009,25.89999999999918,-124.80000000000064
persistent_ns,-11.10000000000025,-12.350000000000023,-44.69999999999982,-1.0000000000001137,-17.15000000000009,-96.49999999999989,-60.350000000000136,57.200000000000045,-29.949999999999704,-77.55000000000007,-40.950000000000045,-10.600000000000023,-58.250000000000114,-36.40000000000009,-1.4500000000001592,-30.750000000000227,-20.149999999999977,71.69999999999993,-48.499999999999886,-42.69999999999993,-59.400000000000205,-53.74999999999977,-68.75,-15.150000000000091,-7.650000000000205,-63.25,-32.34999999999991,-61.25,-4.250000000000114,34.099999999999795,-39.99999999999977,-86.0,-34.54999999999984,-23.450000000000045,-103.6500000000002,-13.350000000000023,-108.65000000000009,-48.600000000000136,-3.4500000000000455,-215.10000000000036,118.20000000000027,-6.2000000000000455,240.29999999999995,-66.94999999999982,-308.45000000000005,89.2999999999995,-97.75000000000023,49.149999999999864,-65.65000000000009,235.19999999999982,28.600000000000364,123.64999999999998,-122.94999999999982,-78.44999999999993,-44.29999999999973,-66.10000000000014,47.09999999999991,-25.649999999999864,-16.04999999999984,-42.44999999999993,-14.850000000000364,56.89999999999998,66.04999999999995,28.29999999999984,57.45000000000016,68.30000000000007,31.949999999999704,20.70000000000016,0.5999999999999659,-30.099999999999966,12.249999999999886,-61.049999999999955,-44.500000000000114,-10.950000000000045,9.499999999999886,23.600000000000136,-68.4000000000002,11.949999999999932,10.949999999999989,-4.299999999999898,20.400000000000034,7.800000000000011,2.8500000000000796,27.600000000000136,-6.199999999999989,-27.75000000000017,-60.849999999999966,37.700000000000045,-12.150000000000091,-33.04999999999984,51.0,-7.14999999999992,-8.599999999999966,-30.100000000000136,-29.449999999999932,17.700000000000102,-5.350000000000023,3.099999999999966,39.00000000000006,-41.4500000000001,8.850000000000023,-2.25,4.000000000000057,-25.849999999999966,-47.150000000000034,-25.64999999999992,-48.150000000000034,-21.000000000000114,-45.10000000000002,-14.50000000000017,-63.150000000000034,-0.049999999999954525,-68.80000000000007,-41.549999999999955,31.350000000000023,20.750000000000057,-21.850000000000023,-34.150000000000034,-2.0500000000000114,-62.400000000000034,-17.949999999999932,-7.449999999999875,-2.5499999999998977,55.549999999999955,25.20000000000016,13.050000000000068,-39.05000000000007
polaris_ns,0.4499999999999602,5.399999999999977,1.8500000000000512,1.3999999999999488,-1.1999999999999602,10.599999999999994,-7.799999999999926,-0.700000000000017,-26.049999999999955,-2.0500000000000114,-6.199999999999932,-9.049999999999983,9.149999999999949,-7.550000000000011,-7.050000000000011,14.399999999999977,2.700000000000017,-43.89999999999995,-0.700000000000017,-6.250000000000028,-1.8000000000000398,8.799999999999983,4.750000000000028,-1.3999999999999773,-2.349999999999909,-7.750000000000028,-10.850000000000023,26.599999999999994,-30.200000000000017,-15.799999999999983,24.599999999999994,1.8000000000000398,-13.950000000000017,6.700000000000017,-1.6499999999999773,-5.250000000000028,5.750000000000028,4.699999999999989,-9.000000000000057,-20.549999999999955,-10.099999999999937,-32.650000000000006,-6.900000000000034,-3.100000000000051,-13.19999999999996,28.950000000000017,2.200000000000017,2.1500000000000057,-5.399999999999977,12.099999999999994,-21.600000000000023,13.099999999999937,2.099999999999966,-22.69999999999996,-0.8500000000000227,29.700000000000017,25.25,-19.050000000000054,-8.250000000000028,6.049999999999983,-14.90000000000002,-29.40000000000009,2.350000000000051,3.6499999999999915,3.3500000000000227,7.6000000000000085,5.499999999999986,-17.19999999999999,-11.150000000000034,7.999999999999986,14.749999999999972,-23.950000000000003,-2.049999999999997,-8.349999999999994,-6.299999999999983,-10.299999999999983,-15.40000000000002,5.150000000000006,-11.600000000000023,-1.9500000000000028,-4.75,-13.499999999999943,-20.100000000000065,12.950000000000003,-1.450000000000017,-10.100000000000037,-15.550000000000026,6.400000000000006,5.200000000000003,-21.949999999999974,-25.050000000000026,7.249999999999972,-11.350000000000023,-11.750000000000028,19.399999999999977,-14.60000000000008,12.199999999999974,-5.849999999999966,-13.34999999999998,-13.300000000000068,7.95000000000006,1.6999999999999744,2.549999999999983,-28.800000000000026,-13.950000000000017,1.6000000000000512,-8.399999999999949,-17.300000000000068,-15.150000000000006,4.900000000000006,-20.950000000000017,15.199999999999989,36.400000000000006,-3.0,-23.700000000000017,20.799999999999983,-6.449999999999989,-22.05000000000001,-20.5,-10.650000000000006,-8.000000000000057,-17.100000000000023,-11.699999999999989,-7.949999999999989,1.799999999999983,-2.599999999999966,-0.4500000000000455,7.850000000000023,-0.0999999999999659
redington_ns,-2.9000000000000057,-2.000000000000014,1.2000000000000455,2.5500000000000256,-7.3999999999999915,-8.249999999999986,-14.700000000000003,-4.549999999999983,-23.299999999999997,-7.300000000000011,-5.050000000000011,-5.3999999999999915,0.29999999999999716,-7.799999999999997,-2.6500000000000057,-5.950000000000017,-1.7999999999999972,-3.8500000000000227,11.05000000000004,3.4499999999999886,-9.59999999999998,-11.550000000000011,0.19999999999998863,3.700000000000003,-2.15000000000002,-10.199999999999974,-1.59999999999998,1.1999999999999744,-8.849999999999994,5.999999999999986,0.4000000000000199,-8.350000000000023,-23.900000000000034,3.200000000000003,-24.25,-7.3500000000000085,8.399999999999977,-17.95000000000003,0.09999999999999432,-21.25000000000003,-0.8000000000000114,-2.9500000000000313,24.30000000000004,-1.6500000000000057,-4.450000000000031,-0.9499999999999744,-11.40000000000002,3.9499999999999886,-3.5,-8.75,-1.2500000000000142,4.549999999999969,4.100000000000023,-0.05000000000001137,11.599999999999994,2.500000000000014,-3.100000000000037,-1.0499999999999972,-13.600000000000009,-13.749999999999957,8.100000000000009,0.4000000000000057,5.699999999999996,-4.950000000000017,-20.400000000000006,6.3500000000000085,-17.39999999999999,-7.350000000000016,-6.6499999999999915,-1.8499999999999943,-8.0,-1.3000000000000114,6.750000000000014,-5.34999999999998,2.900000000000034,0.5500000000000114,-4.55000000000004,-2.8000000000000114,-0.3000000000000256,0.20000000000000284,-0.5500000000000114,-2.3000000000000114,-7.500000000000028,-0.950000000000017,8.000000000000028,-8.099999999999994,-8.40000000000002,-9.90000000000002,-5.299999999999997,-7.950000000000003,-4.3999999999999915,4.450000000000017,-4.099999999999994,-3.8500000000000227,6.049999999999997,-13.499999999999972,0.7000000000000028,-12.099999999999994,-21.74999999999997,-1.1499999999999773,-5.0,-9.850000000000037,-4.149999999999949,-3.59999999999998,5.799999999999969,-8.0,-5.150000000000006,-1.0,-3.400000000000034,-1.0000000000000284,-7.700000000000003,5.450000000000003,11.550000000000011,-8.299999999999969,-14.000000000000014,-0.7500000000000142,-6.15000000000002,-8.050000000000026,1.8500000000000085,-8.899999999999977,-17.049999999999983,11.350000000000023,-16.699999999999875,-22.199999999999932,-16.799999999999898,-12.150000000000034,27.349999999999966,-4.64999999999992,28.199999999999932
rolta_ns,-5.050000000000011,-4.6499999999999915,-0.3500000000000085,-6.799999999999983,8.900000000000006,-4.550000000000011,-5.500000000000021,0.7500000000000142,-6.400000000000006,-3.6999999999999886,-3.500000000000014,-3.299999999999997,0.6499999999999844,-0.8500000000000014,-16.099999999999994,-4.25,-1.3000000000000114,-1.34999999999998,1.0500000000000114,-16.450000000000017,-14.050000000000011,-12.200000000000031,4.09999999999998,-7.25,-8.59999999999998,-15.650000000000034,1.7500000000000284,-5.05000000000004,-14.200000000000003,-5.59999999999998,6.450000000000003,0.9000000000000057,-13.44999999999996,-0.9999999999999858,-32.95,-27.25000000000003,-15.849999999999994,-2.1999999999999886,18.849999999999923,1.7000000000000313,6.300000000000011,-13.849999999999966,-7.150000000000034,-3.150000000000034,-1.5499999999999972,-2.6499999999999773,4.700000000000003,-7.84999999999998,0.3500000000000085,-11.700000000000017,-7.249999999999986,14.850000000000009,10.599999999999994,-4.3500000000000085,0.9500000000000455,-4.499999999999957,6.449999999999989,-4.149999999999999,-4.8999999999999915,3.9499999999999744,-2.34999999999998,-7.750000000000021,-2.0500000000000114,0.25,-6.099999999999994,0.5499999999999972,3.9499999999999957,-3.6499999999999915,4.449999999999996,3.200000000000003,-3.8000000000000114,-7.000000000000021,-1.3999999999999702,-2.5,0.050000000000018474,-0.2500000000000071,-10.899999999999991,-1.2000000000000028,-6.25,-6.1000000000000085,-4.1499999999999915,-10.149999999999977,-9.750000000000014,8.450000000000017,-7.3999999999999915,-13.200000000000017,-4.050000000000026,1.1500000000000057,-2.1000000000000085,-8.899999999999963,-11.400000000000006,0.950000000000017,-8.850000000000009,-0.44999999999998863,19.399999999999977,1.5,13.850000000000001,-8.199999999999989,-13.499999999999986,2.000000000000014,-21.599999999999994,-15.799999999999997,-5.800000000000026,-5.800000000000011,-16.200000000000017,-2.7000000000000455,-10.900000000000034,-2.842170943040401e-14,-18.349999999999994,1.599999999999966,-14.999999999999915,-1.9999999999999716,-14.250000000000028,-21.950000000000017,5.549999999999983,-31.899999999999977,-6.299999999999983,-15.600000000000023,-18.200000000000017,-10.450000000000017,-10.150000000000006,-3.3500000000000227,-9.69999999999996,9.000000000000028,-4.949999999999989,-14.19999999999996,-8.700000000000017,-1.9499999999999886,-1.25
tcs_ns,-22.25,66.30000000000018,61.399999999999636,92.80000000000018,-54.34999999999991,6.3499999999989996,-58.149999999999636,-68.45000000000073,46.850000000000364,-189.14999999999873,-161.60000000000036,246.84999999999945,-130.9000000000001,68.09999999999991,68.44999999999982,114.19999999999982,90.25000000000045,105.5,101.900000000001,-169.69999999999936,71.79999999999973,-130.44999999999982,102.55000000000109,-36.94999999999982,-123.0,-100.05000000000109,-90.29999999999927,-163.64999999999964,-225.49999999999955,128.64999999999964,-123.09999999999945,130.75000000000045,-132.349999999999,28.450000000000273,10.599999999999909,-158.39999999999873,-166.54999999999973,-91.0,139.20000000000027,-133.39999999999918,-87.74999999999955,-129.75000000000045,7.449999999999818,-80.50000000000091,-264.7999999999997,155.44999999999982,-104.75000000000045,-5.950000000000728,33.250000000000455,-138.80000000000064,183.65000000000055,27.399999999999636,-65.85000000000059,-45.149999999999636,-5.949999999999818,-55.599999999999454,134.55000000000018,-137.30000000000064,3.3500000000008185,106.20000000000164,-43.59999999999991,-194.1999999999996,-20.850000000000136,68.94999999999959,-19.34999999999991,284.5,-90.84999999999968,213.3499999999999,132.85000000000036,-30.34999999999991,12.150000000000091,64.10000000000014,-76.15000000000009,-40.149999999999864,125.60000000000059,158.50000000000023,41.65000000000009,-24.000000000000455,-23.049999999999727,-29.949999999999818,-41.25,-8.69999999999959,-35.84999999999991,-45.70000000000027,99.89999999999986,20.250000000000455,-42.84999999999968,-13.399999999999864,95.04999999999995,28.750000000000455,152.5999999999999,-23.850000000000136,-112.30000000000041,-43.100000000000364,76.04999999999973,-55.100000000000136,-0.09999999999990905,54.05000000000018,-15.750000000000227,47.700000000000045,-18.100000000000364,-25.949999999999932,-0.3999999999996362,-86.5500000000003,-94.14999999999964,52.25000000000023,-0.6000000000001364,0.8499999999996817,-153.9000000000001,22.75,89.30000000000041,-1.3500000000003638,-69.20000000000005,10.500000000000227,-31.84999999999991,33.75000000000023,15.89999999999975,-38.59999999999968,20.200000000000045,38.200000000000045,28.299999999999955,-20.34999999999991,19.649999999999977,43.05000000000007,-5.999999999999886,35.600000000000136,-61.10000000000002,-77.39999999999998,-15.250000000000114
techmahindra_ns,6.849999999999795,11.150000000000091,-13.00000000000017,12.200000000000045,-22.450000000000045,43.90000000000009,10.950000000000045,-24.449999999999932,-49.99999999999994,-11.79999999999984,-50.05000000000001,-0.10000000000007958,-5.699999999999932,-27.899999999999977,45.449999999999875,25.299999999999955,5.399999999999977,-52.0,46.650000000000034,-63.09999999999991,-51.39999999999998,-5.600000000000136,-17.199999999999932,4.649999999999977,-28.29999999999984,-16.100000000000136,-21.850000000000136,9.099999999999795,-47.60000000000019,16.649999999999864,33.75,-59.2000000000001,-10.850000000000136,0.8500000000001364,-11.599999999999909,-18.95000000000016,-162.73900000000003,38.25400000000013,-84.52399999999966,33.94600000000014,81.52600000000007,-30.147999999999683,-11.902000000000044,111.92399999999975,-103.27400000000011,37.39800000000014,39.75,35.24599999999987,81.72599999999989,-76.226,71.45399999999961,139.77600000000018,-51.798000000000116,43.07599999999991,-51.97600000000023,-55.44800000000021,-6.653999999999996,-17.770000000000095,-24.648000000000025,15.850000000000023,16.601999999999975,49.270000000000095,16.921999999999912,69.37399999999968,-41.229999999999905,35.45200000000011,-7.347999999999956,81.92800000000011,-13.877999999999872,20.84999999999991,-45.852000000000146,-7.351999999999975,-22.597999999999956,-68.67399999999998,15.375999999999976,27.77199999999999,-25.026000000000124,15.671999999999969,23.528000000000077,-6.975999999999942,-40.67399999999992,6.548000000000059,35.50200000000001,32.70000000000016,-18.025999999999954,26.171999999999855,-1.3240000000000691,-68.25200000000012,15.248000000000047,-20.126000000000033,-15.64999999999992,33.948000000000036,35.5499999999999,-33.25000000000006,-7.848000000000013,11.797999999999945,33.65199999999999,-16.6219999999999,-12.832000000000107,0.8519999999999754,8.151999999999987,-66.52399999999994,-22.652000000000044,-6.651999999999987,17.974000000000103,25.726000000000056,-48.62399999999997,-4.424000000000035,-28.00400000000002,-14.449999999999989,-4.245999999999867,65.95399999999995,-44.92399999999981,-23.099999999999966,8.752000000000066,0.7519999999999527,-74.87200000000007,-17.300000000000125,-34.473999999999876,17.477999999999895,-20.998000000000047,-6.225999999999999,-28.221999999999923,1.575999999999965,28.077999999999975,-61.57800000000003,-76.33199999999988,-31.971999999999923,-17.57600000000008
wipro_ns,20.70001000000002,3.1500200000000405,-2.449939999999856,5.500070000000051,0.14997999999991407,29.249969999999962,-46.19998999999996,17.400010000000066,-20.44995999999992,-43.199969999999894,-24.300090000000182,25.84992999999986,7.79998999999998,16.94995999999992,-7.399919999999838,-8.250150000000303,4.29998999999998,5.600080000000162,-13.749949999999899,-27.700110000000222,-7.399969999999939,-8.949909999999818,-5.300040000000081,-25.05004000000008,-5.2001100000002225,-22.70006000000012,-26.800090000000182,31.649919999999838,-28.60003000000006,5.149969999999939,8.500050000000101,10.450060000000121,-11.050040000000081,10.549939999999879,-22.649869999999737,-47.69995999999992,-60.10003000000006,-7.0,45.19990999999982,-8.499949999999899,-5.850030000000061,-44.25,6.54998999999998,-15.650070000000142,-44.39996999999994,47.94990999999982,-18.4999499999999,4.45001000000002,53.35003000000006,-33.90012000000024,0.00010000000020227162,4.950019999999995,-25.949979999999982,-48.2501000000002,0.25010000000020227,-42.65012000000024,17.30004000000008,4.950060000000121,15.500050000000101,21.19995999999992,42.69995999999992,-19.0,-32.55001000000004,-7.6998899999998685,-6.699989999999957,14.050110000000132,31.5,48.25,11.500040000000013,34.59992999999997,-20.94992999999988,-3.699960000000033,-29.29997000000003,8.800030000000106,19.100000000000023,16.59997999999996,-16.799949999999967,10.550040000000081,-9.049959999999942,12.250100000000089,8.349949999999922,-21.000020000000063,-11.799959999999942,-4.850020000000086,9.650009999999952,0.7499699999999621,-40.95006000000001,8.299999999999955,24.65003999999999,11.250040000000126,10.599909999999909,27.300000000000068,-2.1499699999999393,4.0000000012696546e-05,39.50006999999994,15.149959999999965,5.449959999999919,40.19993999999997,13.849980000000073,20.64996999999994,4.600040000000035,9.15002000000004,-15.699989999999957,-2.899979999999914,-12.849969999999985,16.24989999999991,-11.849969999999985,8.399929999999927,1.0000000088439265e-05,3.6999700000000075,28.549920000000043,27.699979999999982,-16.399959999999965,-16.850009999999997,37.499990000000025,35.60000000000002,-57.14999999999998,-52.34997999999996,16.80002000000013,24.199979999999982,-22.150010000000066,-8.899999999999977,1.1999700000000075,-17.100040000000035,-4.449990000000071,-5.750050000000101,-62.100050000000465,-20.15007000000014,-15.650189999999839
zensar_technologies_ns,-6.900000000000091,32.69999999999982,-83.30000000000018,-59.45000000000027,68.64999999999998,104.75,-78.29999999999995,14.699999999999932,-17.54999999999984,-40.34999999999968,9.950000000000045,114.20000000000016,-39.599999999999795,27.95000000000016,-77.89999999999986,-31.40000000000009,48.150000000000205,74.95000000000016,23.050000000000296,-189.85000000000014,16.399999999999864,-158.9500000000004,80.54999999999961,-80.79999999999973,23.7999999999995,-60.5,116.0,-76.85000000000002,-90.5,25.90000000000009,115.39999999999975,-19.89999999999975,-186.85000000000014,-39.799999999999955,-76.05000000000018,47.450000000000045,-50.64999999999998,-110.60000000000014,47.90000000000009,12.5,19.649999999999636,-49.400000000000205,-73.10000000000014,-11.000000000000227,-52.05000000000007,-5.2000000000000455,105.39999999999998,4.2999999999999545,-17.100000000000023,-30.299999999999955,0.6500000000000341,30.80000000000001,-30.849999999999852,-27.199999999999875,-37.999999999999886,-10.149999999999977,2.650000000000034,-7.900000000000034,-30.000000000000057,32.000000000000114,-18.69999999999999,20.85000000000008,17.650000000000034,-4.450000000000017,-1.950000000000017,19.899999999999977,12.300000000000011,-41.55000000000001,-14.050000000000068,-12.949999999999989,0.09999999999999432,-19.549999999999983,11.300000000000011,0.5500000000000966,-13.899999999999977,3.050000000000068,-25.24999999999997,-13.949999999999932,18.149999999999977,23.55000000000001,45.14999999999989,-43.0,5.25,22.30000000000001,-11.499999999999943,-4.449999999999989,13.900000000000006,21.349999999999966,15.300000000000068,15.000000000000057,4.549999999999983,0.14999999999997726,-8.950000000000045,-7.950000000000017,4.3499999999999375,19.94999999999999,6.750000000000028,-6.400000000000006,-52.95,-1.3000000000000256,-54.25000000000003,-99.50000000000001,-29.549999999999983,-5.300000000000011,-27.64999999999992,-16.599999999999937,-11.549999999999955,17.349999999999966,8.049999999999926,12.149999999999949,1.0000000000000284,-30.50000000000003,-19.649999999999977,-4.449999999999989,3.9500000000000455,-31.700000000000017,0.799999999999983,-35.29999999999998,-14.69999999999996,-26.35000000000005,-15.649999999999949,-17.950000000000045,-2.299999999999926,-14.949999999999875,7.650000000000091,-44.2000000000001,-22.500000000000057,45.2000000000001,-19.200000000000045
zicom_ns,-4.949999999999996,-1.1500000000000128,-6.6000000000000085,-1.8500000000000085,0.20000000000001705,-1.1000000000000014,-5.250000000000014,2.0500000000000114,-13.250000000000007,3.8000000000000114,-5.75,-7.6499999999999915,-3.6999999999999957,0.44999999999999574,-23.499999999999986,-22.849999999999987,-4.300000000000011,3.700000000000003,-1.2499999999999858,-15.799999999999997,-25.900000000000006,-38.449999999999946,-10.44999999999996,-5.649999999999977,-3.550000000000054,-21.20000000000003,1.449999999999946,-23.35000000000001,-25.099999999999966,-34.19999999999999,13.399999999999977,23.700000000000045,-21.14999999999995,15.900000000000063,-24.950000000000017,-5.5,-37.25000000000003,-12.600000000000108,0.15000000000000568,-9.599999999999937,10.050000000000011,-0.19999999999998863,28.799999999999983,17.499999999999986,-12.59999999999998,-10.949999999999989,13.90000000000002,-21.80000000000001,11.450000000000003,10.850000000000023,-5.250000000000014,15.999999999999972,-7.105427357601002e-15,-6.100000000000023,-5.150000000000006,1.7999999999999972,-15.850000000000001,-8.300000000000004,-7.199999999999989,-4.750000000000014,-2.749999999999986,-5.249999999999972,1.1999999999999815,3.9000000000000057,-9.699999999999996,-5.450000000000003,-5.700000000000003,-5.600000000000001,-3.500000000000014,-5.65000000000002,-10.400000000000034,-8.150000000000006,6.3999999999999915,3.549999999999997,-6.099999999999966,-15.749999999999986,1.1999999999999886,0.19999999999998863,-4.550000000000011,14.849999999999994,7.75,-5.349999999999994,-3.0000000000000284,8.399999999999991,3.599999999999966,-1.5999999999999872,0.04999999999999005,1.1999999999999957,3.25,8.049999999999997,10.300000000000011,19.6,6.149999999999999,6.199999999999996,6.800000000000004,17.5,2.599999999999987,0.5000000000000071,0.6500000000000021,2.3000000000000256,21.800000000000004,0.95000000000001,9.749999999999993,4.450000000000003,1.1000000000000014,0.5500000000000043,12.199999999999996,5.800000000000004,-12.299999999999997,-4.04999999999999,-10.150000000000006,-12.199999999999996,-21.850000000000016,-14.400000000000013,-5.149999999999999,-15.449999999999989,-23.59999999999998,-22.19999999999999,-16.250000000000014,3.200000000000003,-1.950000000000017,2.700000000000017,-5.549999999999997,-2.2500000000000284,-4.950000000000017,-3.1499999999999773,-14.15000000000002,-1.5500000000000114,-27.549999999999997
zylog_ns,0.40000000000000036,0.4500000000000002,0.7499999999999973,-0.35000000000000053,2.1500000000000017,-0.20000000000000107,-1.0000000000000004,0.7500000000000009,-0.10000000000000053,0.2999999999999994,0.6999999999999988,0.10000000000000009,-0.30000000000000027,0.24999999999999867,-0.3500000000000001,0.0500000000000016,-0.9500000000000002,0.24999999999999867,-0.3499999999999992,-1.7499999999999978,0.05000000000000071,-0.5999999999999996,0.14999999999999902,-0.24999999999999956,-0.8500000000000001,-0.5999999999999996,-0.29999999999999893,8.881784197001252e-16,-1.1499999999999995,-0.14999999999999947,-0.05000000000000071,-0.399999999999999,-0.40000000000000036,-0.05000000000000071,-1.0999999999999996,0.45000000000000107,-1.2500000000000004,-1.2499999999999991,-0.6000000000000014,-0.8499999999999988,0.20000000000000018,-1.4000000000000012,-1.1499999999999977,0.6500000000000012,-0.6500000000000004,-0.45000000000000284,-1.8999999999999977,-1.0999999999999996,-1.399999999999995,-1.0500000000000007,-1.0000000000000036,-4.9,1.1499999999999968,-3.450000000000001,1.799999999999999,-0.7999999999999972,-1.9999999999999982,-2.8000000000000025,-2.9000000000000004,-1.0500000000000025,-1.200000000000001,-0.5500000000000043,-0.7000000000000028,-2.700000000000001,-0.15000000000000213,-3.600000000000003,-1.4000000000000004,-1.1499999999999986,-0.4000000000000039,-8.100000000000005,-6.499999999999993,-3.6499999999999986,-2.9499999999999886,-4.5,-5.849999999999973,-11.649999999999999,-23.54999999999999,-2.900000000000013,-10.749999999999993,-0.4500000000000455,-31.099999999999994,-84.19999999999999,-37.60000000000008,-50.24999999999994,-45.35000000000002,3.800000000000068,-81.29999999999995,24.850000000000023,-3.699999999999818,-45.849999999999795,-91.64999999999998,7.400000000000091,20.95000000000016,-101.44999999999993,44.40000000000026,-38.5499999999999,-53.55000000000001,-51.199999999999875,-57.099999999999966,-11.349999999999966,-58.349999999999966,-29.149999999999977,-33.99999999999994,-4.949999999999932,-28.100000000000023,-7.350000000000136,-33.69999999999993,-30.65000000000009,-68.80000000000001,-38.650000000000034,9.400000000000091,-27.94999999999999,-0.39999999999997726,-46.10000000000002,74.94999999999999,-110.95000000000005,-122.14999999999986,-10.900000000000205,-57.850000000000136,-100.54999999999984,-35.79999999999984,72.45000000000016,39.05000000000007,-23.100000000000023,-14.599999999999909,-21.199999999999932,60.64999999999998,-46.900000000000034,47.599999999999966
